"EMPLOYEE_ID","FIRST_NAME","LAST_NAME","EMAIL","PHONE_NUMBER","HIRE_DATE","JOB_ID","SALARY","COMMISSION_PCT","MANAGER_ID","DEPARTMENT_ID"
100,"Steven","King","SKING","1.515.555.0100",17-JUN-13,"AD_PRES",24000,,,90
101,"Neena","Yang","NYANG","1.515.555.0101",21-SEP-15,"AD_VP",17000,,100,90
102,"Lex","Garcia","LGARCIA","1.515.555.0102",13-JAN-11,"AD_VP",17000,,100,90
103,"Alexander","James","AJAMES","1.590.555.0103",03-JAN-16,"IT_PROG",9000,,102,60
104,"Bruce","Miller","BMILLER","1.590.555.0104",21-MAY-17,"IT_PROG",6000,,103,60
105,"David","Williams","DWILLIAMS","1.590.555.0105",25-JUN-15,"IT_PROG",4800,,103,60
106,"Valli","Jackson","VJACKSON","1.590.555.0106",05-FEB-16,"IT_PROG",4800,,103,60
107,"Diana","Nguyen","DNGUYEN","1.590.555.0107",07-FEB-17,"IT_PROG",4200,,103,60
108,"Nancy","Gruenberg","NGRUENBE","1.515.555.0108",17-AUG-12,"FI_MGR",12008,,101,100
109,"Daniel","Faviet","DFAVIET","1.515.555.0109",16-AUG-12,"FI_ACCOUNT",9000,,108,100
110,"John","Chen","JCHEN","1.515.555.0110",28-SEP-15,"FI_ACCOUNT",8200,,108,100
111,"Ismael","Sciarra","ISCIARRA","1.515.555.0111",30-SEP-15,"FI_ACCOUNT",7700,,108,100
112,"Jose Manuel","Urman","JMURMAN","1.515.555.0112",07-MAR-16,"FI_ACCOUNT",7800,,108,100
113,"Luis","Popp","LPOPP","1.515.555.0113",07-DEC-17,"FI_ACCOUNT",6900,,108,100
114,"Den","Li","DLI","1.515.555.0114",07-DEC-12,"PU_MAN",11000,,100,30
115,"Alexander","Khoo","AKHOO","1.515.555.0115",18-MAY-13,"PU_CLERK",3100,,114,30
116,"Shelli","Baida","SBAIDA","1.515.555.0116",24-DEC-15,"PU_CLERK",2900,,114,30
117,"Sigal","Tobias","STOBIAS","1.515.555.0117",24-JUL-15,"PU_CLERK",2800,,114,30
118,"Guy","Himuro","GHIMURO","1.515.555.0118",15-NOV-16,"PU_CLERK",2600,,114,30
119,"Karen","Colmenares","KCOLMENA","1.515.555.0119",10-AUG-17,"PU_CLERK",2500,,114,30
120,"Matthew","Weiss","MWEISS","1.650.555.0120",18-JUL-14,"ST_MAN",8000,,100,50
121,"Adam","Fripp","AFRIPP","1.650.555.0121",10-APR-15,"ST_MAN",8200,,100,50
122,"Payam","Kaufling","PKAUFLIN","1.650.555.0122",01-MAY-13,"ST_MAN",7900,,100,50
123,"Shanta","Vollman","SVOLLMAN","1.650.555.0123",10-OCT-15,"ST_MAN",6500,,100,50
124,"Kevin","Mourgos","KMOURGOS","1.650.555.0124",16-NOV-17,"ST_MAN",5800,,100,50
125,"Julia","Nayer","JNAYER","1.650.555.0125",16-JUL-15,"ST_CLERK",3200,,120,50
126,"Irene","Mikkilineni","IMIKKILI","1.650.555.0126",28-SEP-16,"ST_CLERK",2700,,120,50
127,"James","Landry","JLANDRY","1.650.555.0127",14-JAN-17,"ST_CLERK",2400,,120,50
128,"Steven","Markle","SMARKLE","1.650.555.0128",08-MAR-18,"ST_CLERK",2200,,120,50
129,"Laura","Bissot","LBISSOT","1.650.555.0129",20-AUG-15,"ST_CLERK",3300,,121,50
130,"Mozhe","Atkinson","MATKINSO","1.650.555.0130",30-OCT-15,"ST_CLERK",2800,,121,50
131,"James","Marlow","JAMRLOW","1.650.555.0131",16-FEB-15,"ST_CLERK",2500,,121,50
132,"TJ","Olson","TJOLSON","1.650.555.0132",10-APR-17,"ST_CLERK",2100,,121,50
133,"Jason","Mallin","JMALLIN","1.650.555.0133",14-JUN-14,"ST_CLERK",3300,,122,50
134,"Michael","Rogers","MROGERS","1.650.555.0134",26-AUG-16,"ST_CLERK",2900,,122,50
135,"Ki","Gee","KGEE","1.650.555.0135",12-DEC-17,"ST_CLERK",2400,,122,50
136,"Hazel","Philtanker","HPHILTAN","1.650.555.0136",06-FEB-18,"ST_CLERK",2200,,122,50
137,"Renske","Ladwig","RLADWIG","1.650.555.0137",14-JUL-13,"ST_CLERK",3600,,123,50
138,"Stephen","Stiles","SSTILES","1.650.555.0138",26-OCT-15,"ST_CLERK",3200,,123,50
139,"John","Seo","JSEO","1.650.555.0139",12-FEB-16,"ST_CLERK",2700,,123,50
140,"Joshua","Patel","JPATEL","1.650.555.0140",06-APR-16,"ST_CLERK",2500,,123,50
141,"Trenna","Rajs","TRAJS","1.650.555.0141",17-OCT-13,"ST_CLERK",3500,,124,50
142,"Curtis","Davies","CDAVIES","1.650.555.0142",29-JAN-15,"ST_CLERK",3100,,124,50
143,"Randall","Matos","RMATOS","1.650.555.0143",15-MAR-16,"ST_CLERK",2600,,124,50
144,"Peter","Vargas","PVARGAS","1.650.555.0144",09-JUL-16,"ST_CLERK",2500,,124,50
145,"John","Singh","JSINGH","44.1632.960000",01-OCT-14,"SA_MAN",14000,0.4,100,80
146,"Karen","Partners","KPARTNER","44.1632.960001",05-JAN-15,"SA_MAN",13500,0.3,100,80
147,"Alberto","Errazuriz","AERRAZUR","44.1632.960002",10-MAR-15,"SA_MAN",12000,0.3,100,80
148,"Gerald","Cambrault","GCAMBRAU","44.1632.960003",15-OCT-17,"SA_MAN",11000,0.3,100,80
149,"Eleni","Zlotkey","EZLOTKEY","44.1632.960004",29-JAN-18,"SA_MAN",10500,0.2,100,80
150,"Sean","Tucker","STUCKER","44.1632.960005",30-JAN-15,"SA_REP",10000,0.3,145,80
151,"David","Bernstein","DBERNSTE","44.1632.960006",24-MAR-15,"SA_REP",9500,0.25,145,80
152,"Peter","Hall","PHALL","44.1632.960007",20-AUG-15,"SA_REP",9000,0.25,145,80
153,"Christopher","Olsen","COLSEN","44.1632.960008",30-MAR-16,"SA_REP",8000,0.2,145,80
154,"Nanette","Cambrault","NCAMBRAU","44.1632.960009",09-DEC-16,"SA_REP",7500,0.2,145,80
155,"Oliver","Tuvault","OTUVAULT","44.1632.960010",23-NOV-17,"SA_REP",7000,0.15,145,80
156,"Janette","King","JKING","44.1632.960011",30-JAN-14,"SA_REP",10000,0.35,146,80
157,"Patrick","Sully","PSULLY","44.1632.960012",04-MAR-14,"SA_REP",9500,0.35,146,80
158,"Allan","McEwen","AMCEWEN","44.1632.960013",01-AUG-14,"SA_REP",9000,0.35,146,80
159,"Lindsey","Smith","LSMITH","44.1632.960014",10-MAR-15,"SA_REP",8000,0.3,146,80
160,"Louise","Doran","LDORAN","44.1632.960015",15-DEC-15,"SA_REP",7500,0.3,146,80
161,"Sarath","Sewall","SSEWALL","44.1632.960016",03-NOV-16,"SA_REP",7000,0.25,146,80
162,"Clara","Vishney","CVISHNEY","44.1632.960017",11-NOV-15,"SA_REP",10500,0.25,147,80
163,"Danielle","Greene","DGREENE","44.1632.960018",19-MAR-17,"SA_REP",9500,0.15,147,80
164,"Mattea","Marvins","MMARVINS","44.1632.960019",24-JAN-18,"SA_REP",7200,0.1,147,80
165,"David","Lee","DLEE","44.1632.960020",23-FEB-18,"SA_REP",6800,0.1,147,80
166,"Sundar","Ande","SANDE","44.1632.960021",24-MAR-18,"SA_REP",6400,0.1,147,80
167,"Amit","Banda","ABANDA","44.1632.960022",21-APR-18,"SA_REP",6200,0.1,147,80
168,"Lisa","Ozer","LOZER","44.1632.960023",11-MAR-15,"SA_REP",11500,0.25,148,80
169,"Harrison","Bloom","HBLOOM","44.1632.960024",23-MAR-16,"SA_REP",10000,0.2,148,80
170,"Tayler","Fox","TFOX","44.1632.960025",24-JAN-16,"SA_REP",9600,0.2,148,80
171,"William","Smith","WSMITH","44.1632.960026",23-FEB-17,"SA_REP",7400,0.15,148,80
172,"Elizabeth","Bates","EBATES","44.1632.960027",24-MAR-17,"SA_REP",7300,0.15,148,80
173,"Sundita","Kumar","SKUMAR","44.1632.960028",21-APR-18,"SA_REP",6100,0.1,148,80
174,"Ellen","Abel","EABEL","44.1632.960029",11-MAY-14,"SA_REP",11000,0.3,149,80
175,"Alyssa","Hutton","AHUTTON","44.1632.960030",19-MAR-15,"SA_REP",8800,0.25,149,80
176,"Jonathon","Taylor","JTAYLOR","44.1632.960031",24-MAR-16,"SA_REP",8600,0.2,149,80
177,"Jack","Livingston","JLIVINGS","44.1632.960032",23-APR-16,"SA_REP",8400,0.2,149,80
178,"Kimberely","Grant","KGRANT","44.1632.960033",24-MAY-17,"SA_REP",7000,0.15,149,
179,"Charles","Johnson","CJOHNSON","44.1632.960034",04-JAN-18,"SA_REP",6200,0.1,149,80
180,"Winston","Taylor","WTAYLOR","1.650.555.0145",24-JAN-16,"SH_CLERK",3200,,120,50
181,"Jean","Fleaur","JFLEAUR","1.650.555.0146",23-FEB-16,"SH_CLERK",3100,,120,50
182,"Martha","Sullivan","MSULLIVA","1.650.555.0147",21-JUN-17,"SH_CLERK",2500,,120,50
183,"Girard","Geoni","GGEONI","1.650.555.0148",03-FEB-18,"SH_CLERK",2800,,120,50
184,"Nandita","Sarchand","NSARCHAN","1.650.555.0149",27-JAN-14,"SH_CLERK",4200,,121,50
185,"Alexis","Bull","ABULL","1.650.555.0150",20-FEB-15,"SH_CLERK",4100,,121,50
186,"Julia","Dellinger","JDELLING","1.650.555.0151",24-JUN-16,"SH_CLERK",3400,,121,50
187,"Anthony","Cabrio","ACABRIO","1.650.555.0152",07-FEB-17,"SH_CLERK",3000,,121,50
188,"Kelly","Chung","KCHUNG","1.650.555.0153",14-JUN-15,"SH_CLERK",3800,,122,50
189,"Jennifer","Dilly","JDILLY","1.650.555.0154",13-AUG-15,"SH_CLERK",3600,,122,50
190,"Timothy","Venzl","TVENZL","1.650.555.0155",11-JUL-16,"SH_CLERK",2900,,122,50
191,"Randall","Perkins","RPERKINS","1.650.555.0156",19-DEC-17,"SH_CLERK",2500,,122,50
192,"Sarah","Bell","SBELL","1.650.555.0157",04-FEB-14,"SH_CLERK",4000,,123,50
193,"Britney","Everett","BEVERETT","1.650.555.0158",03-MAR-15,"SH_CLERK",3900,,123,50
194,"Samuel","McLeod","SMCLEOD","1.650.555.0159",01-JUL-16,"SH_CLERK",3200,,123,50
195,"Vance","Jones","VJONES","1.650.555.0160",17-MAR-17,"SH_CLERK",2800,,123,50
196,"Alana","Walsh","AWALSH","1.650.555.0161",24-APR-16,"SH_CLERK",3100,,124,50
197,"Kevin","Feeney","KFEENEY","1.650.555.0162",23-MAY-16,"SH_CLERK",3000,,124,50
198,"Donald","OConnell","DOCONNEL","1.650.555.0163",21-JUN-17,"SH_CLERK",2600,,124,50
199,"Douglas","Grant","DGRANT","1.650.555.0164",13-JAN-18,"SH_CLERK",2600,,124,50
200,"Jennifer","Whalen","JWHALEN","1.515.555.0165",17-SEP-13,"AD_ASST",4400,,101,10
201,"Michael","Martinez","MMARTINE","1.515.555.0166",17-FEB-14,"MK_MAN",13000,,100,20
202,"Pat","Davis","PDAVIS","1.603.555.0167",17-AUG-15,"MK_REP",6000,,201,20
203,"Susan","Jacobs","SJACOBS","1.515.555.0168",07-JUN-12,"HR_REP",6500,,101,40
204,"Hermann","Brown","HBROWN","1.515.555.0169",07-JUN-12,"PR_REP",10000,,101,70
205,"Shelley","Higgins","SHIGGINS","1.515.555.0170",07-JUN-12,"AC_MGR",12008,,101,110
206,"William","Gietz","WGIETZ","1.515.555.0171",07-JUN-12,"AC_ACCOUNT",8300,,205,110